record_id,path,symbol,boundary_kind,live_representation,status,proof,required_action,compatibility,owner_row,live_commit,reverified_status,reverified_note
BOUNDARY-001,world/src/util/seed_expan.rs,cast_u32x8_u8x32 / rng_state,HASH_OR_RNG_SEED,u32::to_ne_bytes -> [u8; 32],LEGACY_VIOLATION,Native-endian seed bytes differ by target endianness,Replace with explicit little-endian WorldSeedExpansionV1 and freeze golden vectors,No byte change on little-endian targets; changes big-endian world streams,APEX-T0.1,f7b30de6d916930c96f181919160ff7839aa6d5b,RESOLVED_BY_CAMPAIGN,"Already fixed on bastion/apex by commit 48e4c05b77 (""RNG-DEEP-001 + RNG-DEEP-003 ... portable seed expansion""): cast_u32x8_u8x32 now calls a[i].to_le_bytes() explicitly, with an in-code comment citing RNG-DEEP-001. The seed row's LEGACY_VIOLATION status is stale relative to bastion/apex; not re-migrated in this pass because it is already closed."
BOUNDARY-002,common/src/trade.rs,TradeId / Trades::begin_trade,WIRE,"TradeId(usize), wrapping_add(1)",LEGACY_VIOLATION,TradeId is serialized in ServerGeneral::UpdatePendingTrade,"Use TradeId(u64), checked allocation, typed exhaustion outcome, compatibility vectors",Bincode legacy encodes usize and u64 as 8-byte little-endian fixed integers; prove with old/new vectors,APEX-T0.1,f7b30de6d916930c96f181919160ff7839aa6d5b,LEGACY_VIOLATION_CONFIRMED,"Confirmed present verbatim on bastion/apex: pub struct TradeId(usize) at common/src/trade.rs:209, self.next_id = TradeId(id.0.wrapping_add(1)) at line 220. NOT migrated this pass -- deferred as a cross-cutting live-code change (server/src/events/invite.rs, common/net/src/msg/server.rs) that was not compiled/verified end-to-end within this build session's scope. Tracked as an explicit blocking migration, not silently marked closed."
BOUNDARY-003,common/src/comp/inventory/slot.rs,Slot::Overflow,WIRE_AND_PERSISTENCE,Overflow(usize),LEGACY_VIOLATION,Slot derives Serialize/Deserialize and crosses controller/inventory boundaries,Introduce OverflowSlotId(u64); convert to local usize only through TryFrom,Bincode legacy byte shape can remain u64; verify RON/JSON and persistence consumers,APEX-T0.1,f7b30de6d916930c96f181919160ff7839aa6d5b,LEGACY_VIOLATION_CONFIRMED,"Confirmed present verbatim on bastion/apex: Overflow(usize) at common/src/comp/inventory/slot.rs:18. NOT migrated this pass for the same reason as BOUNDARY-002 (cross-cutting call sites, deferred)."
BOUNDARY-004,common/src/uid.rs,Uid,WIRE,Uid(NonZeroU64),COMPLIANT_FIXED_WIDTH,Fixed-width u64 semantic ID; allocator is u64,"Retain; add to positive lint fixtures, but do not replace with new generic ID",No change,APEX-T0.1,f7b30de6d916930c96f181919160ff7839aa6d5b,REVERIFIED_COMPLIANT,Confirmed present verbatim on bastion/apex: pub struct Uid(pub NonZeroU64) at common/src/uid.rs:13.
BOUNDARY-005,common/src/character.rs,CharacterId,WIRE_AND_PERSISTENCE,"CharacterId(i64), serde transparent",COMPLIANT_FIXED_WIDTH,Fixed-width signed database ID,Retain; use as positive transparent-newtype fixture,No change,APEX-T0.1,f7b30de6d916930c96f181919160ff7839aa6d5b,NOT_INDEPENDENTLY_REVERIFIED,File common/src/character.rs exists on bastion/apex; CharacterId shape not independently re-read this pass.
BOUNDARY-006,network/protocol/src/types.rs,Pid / Sid / Mid / Cid,TRANSPORT_WIRE,u128/u64 with explicit little-endian byte methods,COMPLIANT_TRANSPORT_LOCAL,Pid and Sid use get/put *_le; Mid/Cid fixed-width aliases,Retain as transport-local positive fixture; do not promote to application identity,No change,APEX-T0.1,f7b30de6d916930c96f181919160ff7839aa6d5b,NOT_INDEPENDENTLY_REVERIFIED,File network/protocol/src/types.rs exists on bastion/apex; Pid/Sid/Mid/Cid shapes not independently re-read this pass.
BOUNDARY-007,network/src/message.rs,Message::serialize / deserialize,LEGACY_WIRE_CODEC,bincode::config::legacy(),COMPLIANT_EXPLICIT_CODEC_WITH_LEGACY_LIMITS,Legacy bincode is fixed-int and little-endian; usize encodes as u64,Do not replace in T0.1; record semantics and use compatibility vectors for legacy field migrations,Existing protocol behavior retained,APEX-T0.1,f7b30de6d916930c96f181919160ff7839aa6d5b,NOT_INDEPENDENTLY_REVERIFIED,File network/src/message.rs exists on bastion/apex; bincode::config::legacy() usage not independently re-read this pass.
BOUNDARY-008,common/net/src/msg/server.rs,SerializedTerrainChunk::approx_len,LOCAL_ONLY,fn -> usize,FALSE_POSITIVE_LOCAL_ONLY,Return value is local memory/accounting estimate and is not serialized as a field,Do not ban local indexing/length APIs; boundary lint must be scope-aware,No change,APEX-T0.1,f7b30de6d916930c96f181919160ff7839aa6d5b,NOT_INDEPENDENTLY_REVERIFIED,File common/net/src/msg/server.rs exists on bastion/apex (confirmed present during APEX-A.2); approx_len shape not independently re-read this pass.
BOUNDARY-009,network/src/message.rs,Message::deserialize output_limit,LOCAL_ONLY,output_limit: usize,FALSE_POSITIVE_LOCAL_ONLY,"Host allocation limit parameter, not encoded into authoritative message bytes",Permit local native-width resource limits outside canonical DTO/hash fields,No change,APEX-T0.1,f7b30de6d916930c96f181919160ff7839aa6d5b,NOT_INDEPENDENTLY_REVERIFIED,File network/src/message.rs exists on bastion/apex; output_limit shape not independently re-read this pass.
